{"cameraMode":{"drawMode":0,"name":"Shaded","section":"Shading Mode"},"sceneLighting":true,"audioPlay":false,"sceneViewState":{"showFog":true,"showMaterialUpdate":false,"showSkybox":true,"showFlares":true,"showImageEffects":true,"showParticleSystems":true},"in2DMode":false,"pivot":{"x":548.978271484375,"y":311.33990478515627,"z":-0.090087890625},"rotation":{"x":-0.004500008653849363,"y":-0.006907558999955654,"z":0.00003109986937488429,"w":-0.999966025352478},"size":746.0081176757813,"orthographic":false}